Carson Busses,$8.37
Earl E. Byrd,$8.37
Patty Cakes,$8.37
Derri Anne Connecticut,$8.37
Moe Dess,$8.37
Leda Doggslife,$8.37
Dan Druff,$8.37
Al Fresco,$8.37
Ido Hoe,$8.37
Howie Kisses,$8.37
Len Lease,$8.37
Phil Meup,$8.37
Ira Pent,$8.37
Ben D. Rules,$8.37
Ave Sectomy,$8.37
Gary Shattire,$8.37
Bobbi Soks,$8.37
Sheila Takya,$8.37
Rose Tattoo,$8.37
Moe Tell,$8.37
Les Toil,$13.99
Lionel Train,$13.99
N.V. Ubble,$13.99
Mayflower van Lines,$13.99
Chad A. While,$13.99
Larry Yet Ann Arbor,$13.99
Ted D. Baer,$13.99
Etta Burger,$13.99
Doris Closed,$13.99
Bard Dahl,$13.99
Barry Dellive,$13.99
Robin Droppings,$13.99
Io Ewe,$13.99
May Flye,$13.99
Alma Gedon,$13.99
Hy Marks,$13.99
Holly Hox,$13.99
Chris Kraft,$13.99
Ellis I. Land,$13.99
Penny Loafer,$13.99
Dell Monte,$6.47
Baxter Nature,$6.47
Agatha L. Outtahere,$6.47
Bunny Pellits,$6.47
Cheri Pitts,$6.47
Forrest Ranger,$6.47
Ron Rico,$6.47
Cole Shute,$6.47
Gracie Spoon,$6.47
May Zola Penny Ante,$6.47
Ray Beeze,$6.47
Barbara Blacksheep,$6.47
Petey Bowt,$6.47
Warner Brothers,$6.47
Mel N. Colic,$6.47
Petey Cue,$6.47
B.V. Dease,$6.47
Benny Fitt,$6.47
Bette R. Haff,$6.47
Desi Krashum,$6.47
Gill D. Lily,$11.56
Cole Mines,$11.56
Phil R. Monik,$11.56
L.O. Quency,$11.56
Connel Radd,$11.56
Ben D. Rules,$11.56
Cleon Sheets,$11.56
Renata Tampaks,$11.56
Justin Thyme,$11.56
Matt Tress,$11.56
Vic Trola,$11.56
Al Truist,$11.56
Aaron Tyres,$11.56
U.N. Wattarmey,$11.56
Abe L.N. Willing,$11.56
Jerry Atrick,$11.56
Hy Ball,$11.56
Jill E. Bean,$11.56
Kitty Car,$11.56
Phil Coe,$11.56
Stella Constellation,$8.49
Lee Derhosen,$8.49
Stan Dupp,$8.49
Hammond Ecks,$8.49
Fanny Farmer,$8.49
Golda Fish,$8.49
Shirley U. Geste,$8.49
Lou Gubrious,$8.49
Beverly Hills,$8.49
Castor Hoyle,$8.49
Bella Katt,$8.49
Al Lergy,$8.49
Ida Lowers,$8.49
Pete Moss,$8.49
Rhoda Mule,$8.49
Missy Perriad,$8.49
Carolina Rice,$8.49
Anna Septic,$8.49
Cass Tigate,$8.49
Val Voline,$8.49
Carson Busses,$8.37
Earl E. Byrd,$8.37
Patty Cakes,$8.37
Derri Anne Connecticut,$8.37
Moe Dess,$8.37
Leda Doggslife,$8.37
Dan Druff,$8.37
Al Fresco,$8.37
Ido Hoe,$8.37
Howie Kisses,$8.37
Len Lease,$8.37
Phil Meup,$8.37
Ira Pent,$8.37
Ben D. Rules,$8.37
Ave Sectomy,$8.37
Gary Shattire,$8.37
Bobbi Soks,$8.37
Sheila Takya,$8.37
Rose Tattoo,$8.37
Moe Tell,$8.37
Les Toil,$13.99
Lionel Train,$13.99
N.V. Ubble,$13.99
Mayflower van Lines,$13.99
Chad A. While,$13.99
Larry Yet Ann Arbor,$13.99
Ted D. Baer,$13.99
Etta Burger,$13.99
Doris Closed,$13.99
Bard Dahl,$13.99
Barry Dellive,$13.99
Robin Droppings,$13.99
Io Ewe,$13.99
May Flye,$13.99
Alma Gedon,$13.99
Hy Marks,$13.99
Holly Hox,$13.99
Chris Kraft,$13.99
Ellis I. Land,$13.99
Penny Loafer,$13.99
Dell Monte,$6.47
Baxter Nature,$6.47
Agatha L. Outtahere,$6.47
Bunny Pellits,$6.47
Cheri Pitts,$6.47
Forrest Ranger,$6.47
Ron Rico,$6.47
Cole Shute,$6.47
Gracie Spoon,$6.47
May Zola Penny Ante,$6.47
Ray Beeze,$6.47
Barbara Blacksheep,$6.47
Petey Bowt,$6.47
Warner Brothers,$6.47
Mel N. Colic,$6.47
Petey Cue,$6.47
B.V. Dease,$6.47
Benny Fitt,$6.47
Bette R. Haff,$6.47
Desi Krashum,$6.47
Gill D. Lily,$11.56
Cole Mines,$11.56
Phil R. Monik,$11.56
L.O. Quency,$11.56
Connel Radd,$11.56
Ben D. Rules,$11.56
Cleon Sheets,$11.56
Renata Tampaks,$11.56
Justin Thyme,$11.56
Matt Tress,$11.56
Vic Trola,$11.56
Al Truist,$11.56
Aaron Tyres,$11.56
U.N. Wattarmey,$11.56
Abe L.N. Willing,$11.56
Jerry Atrick,$11.56
Hy Ball,$11.56
Jill E. Bean,$11.56
Kitty Car,$11.56
Phil Coe,$11.56
Stella Constellation,$8.49
Lee Derhosen,$8.49
Stan Dupp,$8.49
Hammond Ecks,$8.49
Fanny Farmer,$8.49
Golda Fish,$8.49
Shirley U. Geste,$8.49
Lou Gubrious,$8.49
Beverly Hills,$8.49
Castor Hoyle,$8.49
Bella Katt,$8.49
Al Lergy,$8.49
Ida Lowers,$8.49
Pete Moss,$8.49
Rhoda Mule,$8.49
Missy Perriad,$8.49
Carolina Rice,$8.49
Anna Septic,$8.49
Cass Tigate,$8.49
Val Voline,$8.49
Carson Busses,$8.37
Earl E. Byrd,$8.37
Patty Cakes,$8.37
Derri Anne Connecticut,$8.37
Moe Dess,$8.37
Leda Doggslife,$8.37
Dan Druff,$8.37
Al Fresco,$8.37
Ido Hoe,$8.37
Howie Kisses,$8.37
Len Lease,$8.37
Phil Meup,$8.37
Ira Pent,$8.37
Ben D. Rules,$8.37
Ave Sectomy,$8.37
Gary Shattire,$8.37
Bobbi Soks,$8.37
Sheila Takya,$8.37
Rose Tattoo,$8.37
Moe Tell,$8.37
Les Toil,$13.99
Lionel Train,$13.99
N.V. Ubble,$13.99
Mayflower van Lines,$13.99
Chad A. While,$13.99
Larry Yet Ann Arbor,$13.99
Ted D. Baer,$13.99
Etta Burger,$13.99
Doris Closed,$13.99
Bard Dahl,$13.99
Barry Dellive,$13.99
Robin Droppings,$13.99
Io Ewe,$13.99
May Flye,$13.99
Alma Gedon,$13.99
Hy Marks,$13.99
Holly Hox,$13.99
Chris Kraft,$13.99
Ellis I. Land,$13.99
Penny Loafer,$13.99
Dell Monte,$6.47
Baxter Nature,$6.47
Agatha L. Outtahere,$6.47
Bunny Pellits,$6.47
Cheri Pitts,$6.47
Forrest Ranger,$6.47
Ron Rico,$6.47
Cole Shute,$6.47
Gracie Spoon,$6.47
May Zola Penny Ante,$6.47
Ray Beeze,$6.47
Barbara Blacksheep,$6.47
Petey Bowt,$6.47
Warner Brothers,$6.47
Mel N. Colic,$6.47
Petey Cue,$6.47
B.V. Dease,$6.47
Benny Fitt,$6.47
Bette R. Haff,$6.47
Desi Krashum,$6.47
Gill D. Lily,$11.56
Cole Mines,$11.56
Phil R. Monik,$11.56
L.O. Quency,$11.56
Connel Radd,$11.56
Ben D. Rules,$11.56
Cleon Sheets,$11.56
Renata Tampaks,$11.56
Justin Thyme,$11.56
Matt Tress,$11.56
Vic Trola,$11.56
Al Truist,$11.56
Aaron Tyres,$11.56
U.N. Wattarmey,$11.56
Abe L.N. Willing,$11.56
Jerry Atrick,$11.56
Hy Ball,$11.56
Jill E. Bean,$11.56
Kitty Car,$11.56
Phil Coe,$11.56
Stella Constellation,$8.49
Lee Derhosen,$8.49
Stan Dupp,$8.49
Hammond Ecks,$8.49
Fanny Farmer,$8.49
Golda Fish,$8.49
Shirley U. Geste,$8.49
Lou Gubrious,$8.49
Beverly Hills,$8.49
Castor Hoyle,$8.49
Bella Katt,$8.49
Al Lergy,$8.49
Ida Lowers,$8.49
Pete Moss,$8.49
Rhoda Mule,$8.49
Missy Perriad,$8.49
Carolina Rice,$8.49
Anna Septic,$8.49
Cass Tigate,$8.49
Val Voline,$8.49
